STATION,NAME,DATE,AWND,PRCP,SNOW,SNWD,TAVG,TMAX,TMIN,TOBS,WDF2,WDF5,WESD,WESF,WSF2,WSF5,WT01,WT02,WT03,WT04,WT05,WT06,WT08,WT09
USW00013958,"AUSTIN CAMP MABRY, TX US",3/1/2020,5.59,0,0,0,,77,58,,200,180,,,14.1,27.1,,,,,,,,
USW00013958,"AUSTIN CAMP MABRY, TX US",3/2/2020,4.03,0,0,0,,79,65,,170,190,,,12.1,21.9,1,,,,,,,
USW00013958,"AUSTIN CAMP MABRY, TX US",3/3/2020,2.91,0,0,0,,75,64,,100,120,,,13,21.9,1,,,,,,1,
USW00013958,"AUSTIN CAMP MABRY, TX US",3/4/2020,7.16,1.43,0,0,,69,54,,10,20,,,21,38,1,,1,,,,,
USW00013958,"AUSTIN CAMP MABRY, TX US",3/5/2020,4.25,0,0,0,,76,48,,10,360,,,13,21.9,,,,,,,,
USW00013958,"AUSTIN CAMP MABRY, TX US",3/6/2020,4.92,0,0,0,,71,50,,30,40,,,12.1,23,,,,,,,,
USW00013958,"AUSTIN CAMP MABRY, TX US",3/7/2020,4.47,0,0,0,,64,45,,140,150,,,12.1,23,,,,,,,,
USW00013958,"AUSTIN CAMP MABRY, TX US",3/8/2020,7.16,0,0,0,,76,50,,160,170,,,16.1,30,,,,,,,,
USW00013958,"AUSTIN CAMP MABRY, TX US",3/9/2020,4.25,0.16,0,0,,67,64,,160,170,,,15,32,1,,,,,,,
USW00013958,"AUSTIN CAMP MABRY, TX US",3/10/2020,2.91,0,0,0,,81,59,,170,160,,,8.9,21,1,1,,,,,,
USW00013958,"AUSTIN CAMP MABRY, TX US",3/11/2020,4.7,0,0,0,,85,63,,170,150,,,12.1,23,1,,,,,,1,
USW00013958,"AUSTIN CAMP MABRY, TX US",3/12/2020,6.71,0,0,0,,87,68,,150,170,,,14.1,23,,,,,,,,
USW00013958,"AUSTIN CAMP MABRY, TX US",3/13/2020,6.93,0,0,0,,84,69,,150,180,,,16.1,28,,,,,,,,
USW00013958,"AUSTIN CAMP MABRY, TX US",3/14/2020,5.37,0,0,0,,84,69,,150,150,,,16.1,29.1,,,,,,,1,
USW00013958,"AUSTIN CAMP MABRY, TX US",3/15/2020,4.92,0.04,0,0,,69,58,,20,20,,,12.1,21,1,,,,,,1,
USW00013958,"AUSTIN CAMP MABRY, TX US",3/16/2020,3.58,0,0,0,,75,58,,100,120,,,13,21.9,1,,,,,,,
USW00013958,"AUSTIN CAMP MABRY, TX US",3/17/2020,6.71,0.01,0,0,,81,68,,150,160,,,15,25.1,,,,,,,,
USW00013958,"AUSTIN CAMP MABRY, TX US",3/18/2020,8.05,0,0,0,,83,70,,160,160,,,15,32,,,,,,,,
USW00013958,"AUSTIN CAMP MABRY, TX US",3/19/2020,6.93,0.05,0,0,,85,70,,150,140,,,17,32,,,,,,,,
USW00013958,"AUSTIN CAMP MABRY, TX US",3/20/2020,7.16,0.89,0,0,,72,52,,10,10,,,15,25.9,1,,1,,,,,
USW00013958,"AUSTIN CAMP MABRY, TX US",3/21/2020,4.92,0.91,0,0,,55,48,,20,40,,,13,23,1,1,1,,,,,
USW00013958,"AUSTIN CAMP MABRY, TX US",3/22/2020,1.12,0,0,0,,67,54,,10,120,,,6,10.1,1,,,,,,,
USW00013958,"AUSTIN CAMP MABRY, TX US",3/23/2020,3.58,0.01,0,0,,84,64,,160,150,,,13,23,1,,,,,,1,
USW00013958,"AUSTIN CAMP MABRY, TX US",3/24/2020,3.36,0,0,0,,92,60,,290,330,,,14.1,25.9,1,,,,,,,
USW00013958,"AUSTIN CAMP MABRY, TX US",3/25/2020,3.13,0,0,0,,91,56,,140,160,,,12.1,21,1,1,,,,,1,
USW00013958,"AUSTIN CAMP MABRY, TX US",3/26/2020,5.37,0,0,0,,88,67,,130,200,,,14.1,25.1,1,,,,,,1,
USW00013958,"AUSTIN CAMP MABRY, TX US",3/27/2020,6.93,0,0,0,,89,70,,170,190,,,13,32,,,,,,,,
USW00013958,"AUSTIN CAMP MABRY, TX US",3/28/2020,5.37,0.07,0,0,,81,55,,140,150,,,18.1,30,1,,1,,,,,
USW00013958,"AUSTIN CAMP MABRY, TX US",3/29/2020,3.58,0,0,0,,81,51,,120,90,,,12.1,19.9,,,,,,,,
USW00013958,"AUSTIN CAMP MABRY, TX US",3/30/2020,1.34,0.44,0,0,,70,64,,130,140,,,13,18.1,1,1,,,,,,
USW00013958,"AUSTIN CAMP MABRY, TX US",3/31/2020,4.47,0,0,0,,75,56,,360,10,,,14.1,23.9,1,,,,,,,
USW00013958,"AUSTIN CAMP MABRY, TX US",4/1/2020,5.59,0,0,0,,78,50,,150,140,,,13,23,,,,,,,,
USW00013958,"AUSTIN CAMP MABRY, TX US",4/2/2020,5.14,0.26,0,0,,70,62,,140,170,,,10.1,19.9,1,,1,,,,,
USW00013958,"AUSTIN CAMP MABRY, TX US",4/3/2020,6.04,0.84,0,0,,74,46,,10,10,,,16.1,29.1,1,,1,,,,1,
USW00013958,"AUSTIN CAMP MABRY, TX US",4/4/2020,4.47,0.66,0,0,,53,45,,340,320,,,12.1,21.9,1,,1,,,,,
USW00013958,"AUSTIN CAMP MABRY, TX US",4/5/2020,2.24,0,0,0,,67,51,,120,340,,,8.1,14.1,1,,,,,,1,
USW00013958,"AUSTIN CAMP MABRY, TX US",4/6/2020,1.57,0,0,0,,80,61,,180,150,,,8.9,16.1,1,,,,,,,
USW00013958,"AUSTIN CAMP MABRY, TX US",4/7/2020,2.68,0,0,0,,89,70,,170,150,,,8.9,19,1,1,,,,,,
USW00013958,"AUSTIN CAMP MABRY, TX US",4/8/2020,2.91,0,0,0,,95,73,,140,160,,,12.1,18.1,1,,,,,,1,
USW00013958,"AUSTIN CAMP MABRY, TX US",4/9/2020,2.24,0.19,0,0,,93,66,,350,350,,,19.9,38,1,,1,,,,1,
USW00013958,"AUSTIN CAMP MABRY, TX US",4/10/2020,5.37,0,0,0,,75,63,,120,70,,,10.1,19.9,,,,,,,,
USW00013958,"AUSTIN CAMP MABRY, TX US",4/11/2020,4.92,0.02,0,0,,76,61,,150,170,,,13,21.9,,,,,,,,
USW00013958,"AUSTIN CAMP MABRY, TX US",4/12/2020,7.61,0.03,0,0,,87,61,,280,290,,,18.1,38,1,,,,,,1,
USW00013958,"AUSTIN CAMP MABRY, TX US",4/13/2020,7.16,0,0,0,,65,45,,360,10,,,16.1,27.1,,,,,,,,
USW00013958,"AUSTIN CAMP MABRY, TX US",4/14/2020,7.61,0,0,0,,66,46,,30,40,,,13,23,,,,,,,,
USW00013958,"AUSTIN CAMP MABRY, TX US",4/15/2020,3.8,0,0,0,,70,43,,20,30,,,12.1,19.9,,,,,,,,
USW00013958,"AUSTIN CAMP MABRY, TX US",4/16/2020,5.82,0,0,0,,79,48,,150,160,,,14.1,25.1,,,,,,,,
USW00013958,"AUSTIN CAMP MABRY, TX US",4/17/2020,3.36,0.03,0,0,,74,56,,360,360,,,13,23,1,,,,,,1,
USW00013958,"AUSTIN CAMP MABRY, TX US",4/18/2020,3.58,0,0,0,,63,55,,10,20,,,12.1,19.9,1,,,,,,,
USW00013958,"AUSTIN CAMP MABRY, TX US",4/19/2020,2.91,0.02,0,0,,94,60,,310,300,,,15,28,1,1,1,,,,,
USW00013958,"AUSTIN CAMP MABRY, TX US",4/20/2020,4.25,0,0,0,,87,61,,120,110,,,12.1,18.1,1,,,,,,1,
USW00013958,"AUSTIN CAMP MABRY, TX US",4/21/2020,6.71,0,0,0,,87,67,,160,150,,,15,28,1,,,,,,1,
USW00013958,"AUSTIN CAMP MABRY, TX US",4/22/2020,4.7,0.12,0,0,,81,71,,160,170,,,13,23,1,,1,,,,1,
USW00013958,"AUSTIN CAMP MABRY, TX US",4/23/2020,3.58,0,0,0,,90,59,,20,350,,,12.1,21.9,1,,,,,,,
USW00013958,"AUSTIN CAMP MABRY, TX US",4/24/2020,4.7,0,0,0,,98,61,,10,210,,,15,29.1,,,,,,,,
USW00013958,"AUSTIN CAMP MABRY, TX US",4/25/2020,4.92,0,0,0,,81,60,,10,50,,,16.1,27.1,,,,,,,,
USW00013958,"AUSTIN CAMP MABRY, TX US",4/26/2020,3.8,0,0,0,,87,54,,160,150,,,13,28,,,,,,,,
USW00013958,"AUSTIN CAMP MABRY, TX US",4/27/2020,7.61,0,0,0,,90,61,,160,160,,,17,33.1,,,,,,,,
USW00013958,"AUSTIN CAMP MABRY, TX US",4/28/2020,6.71,0,0,0,,93,74,,160,150,,,19.9,36,,,,,,,1,
USW00013958,"AUSTIN CAMP MABRY, TX US",4/29/2020,6.93,0.71,0,0,,85,59,,10,30,,,19.9,40.9,1,,1,,,,,
USW00013958,"AUSTIN CAMP MABRY, TX US",4/30/2020,3.58,0,0,0,,89,55,,130,130,,,10.1,16.1,,,,,,,,
USW00013958,"AUSTIN CAMP MABRY, TX US",5/1/2020,6.93,0,0,0,,90,61,,150,160,,,14.1,25.1,,,,,,,,
USW00013958,"AUSTIN CAMP MABRY, TX US",5/2/2020,8.5,0,0,0,,93,69,,150,160,,,16.1,32,,,,,,,,
USW00013958,"AUSTIN CAMP MABRY, TX US",5/3/2020,7.16,0,0,0,,95,70,,150,190,,,14.1,25.1,,,,,,,,
USW00013958,"AUSTIN CAMP MABRY, TX US",5/4/2020,7.38,0,0,0,,97,72,,150,130,,,15,27.1,,,,,,,,
USW00013958,"AUSTIN CAMP MABRY, TX US",5/5/2020,5.82,0,0,0,,86,71,,20,20,,,18.1,34,,,,,,,1,
USW00013958,"AUSTIN CAMP MABRY, TX US",5/6/2020,4.47,0,0,0,,87,66,,110,70,,,8.9,19,,,,,,,,
USW00013958,"AUSTIN CAMP MABRY, TX US",5/7/2020,5.37,0,0,0,,84,57,,160,160,,,17,32,,,,,,,,
USW00013958,"AUSTIN CAMP MABRY, TX US",5/8/2020,9.62,0,0,0,,86,64,,10,20,,,19.9,36,,,,,,,,
USW00013958,"AUSTIN CAMP MABRY, TX US",5/9/2020,4.7,0,0,0,,79,61,,130,90,,,10.1,19.9,,,,,,,,
USW00013958,"AUSTIN CAMP MABRY, TX US",5/10/2020,2.91,0,0,0,,82,55,,120,80,,,8.9,17,,,,,,,,
USW00013958,"AUSTIN CAMP MABRY, TX US",5/11/2020,6.04,0,0,0,,86,59,,150,150,,,16.1,30,,,,,,,,
USW00013958,"AUSTIN CAMP MABRY, TX US",5/12/2020,4.03,2.37,0,0,,74,66,,140,140,,,12.1,21,1,,1,,,,,
USW00013958,"AUSTIN CAMP MABRY, TX US",5/13/2020,5.37,0.01,0,0,,89,64,,150,180,,,13,25.1,1,,,,,,,
USW00013958,"AUSTIN CAMP MABRY, TX US",5/14/2020,6.71,0,0,0,,93,72,,160,150,,,15,31.1,,,,,,,,
USW00013958,"AUSTIN CAMP MABRY, TX US",5/15/2020,5.82,2.19,0,0,,92,65,,120,310,,,19.9,38,1,1,1,,,,,
USW00013958,"AUSTIN CAMP MABRY, TX US",5/16/2020,5.14,0.63,0,0,,84,63,,330,350,,,14.1,27.1,1,,1,,,,,
USW00013958,"AUSTIN CAMP MABRY, TX US",5/17/2020,2.68,0,0,0,,92,66,,360,360,,,8.9,16.1,,,,,,,,
USW00013958,"AUSTIN CAMP MABRY, TX US",5/18/2020,2.91,0,0,0,,95,64,,170,210,,,10.1,21,,,,,,,,
USW00013958,"AUSTIN CAMP MABRY, TX US",5/19/2020,3.8,0,0,0,,97,70,,150,150,,,12.1,21,,,,,,,,
USW00013958,"AUSTIN CAMP MABRY, TX US",5/20/2020,6.71,0,0,0,,95,75,,160,150,,,14.1,27.1,1,,,,,,,
USW00013958,"AUSTIN CAMP MABRY, TX US",5/21/2020,6.04,0.04,0,0,,93,71,,150,150,,,14.1,27.1,,,,,,,1,
USW00013958,"AUSTIN CAMP MABRY, TX US",5/22/2020,7.38,0.05,0,0,,95,73,,150,170,,,15,27.1,,,,,,,,
USW00013958,"AUSTIN CAMP MABRY, TX US",5/23/2020,8.72,0.02,0,0,,93,74,,140,150,,,16.1,27.1,,,,,,,,
USW00013958,"AUSTIN CAMP MABRY, TX US",5/24/2020,6.71,0.97,0,0,,95,67,,120,130,,,15,25.9,1,,1,,,,,
USW00013958,"AUSTIN CAMP MABRY, TX US",5/25/2020,3.13,0.73,0,0,,80,66,,50,60,,,13,28,1,,1,,,,,
USW00013958,"AUSTIN CAMP MABRY, TX US",5/26/2020,2.91,0.2,0,0,,86,65,,290,330,,,12.1,21,1,,1,,,,,
USW00013958,"AUSTIN CAMP MABRY, TX US",5/27/2020,4.92,0.63,0,0,,91,62,,10,340,,,15,28,1,,1,,,,,
USW00013958,"AUSTIN CAMP MABRY, TX US",5/28/2020,2.01,0,0,0,,90,63,,360,30,,,8.9,16.1,,,,,,,,
USW00013958,"AUSTIN CAMP MABRY, TX US",5/29/2020,4.92,0,0,0,,89,70,,30,50,,,15,25.1,,,,,,,,
USW00013958,"AUSTIN CAMP MABRY, TX US",5/30/2020,1.34,0,0,0,,89,63,,120,90,,,10.1,17,,,,,,,,
USW00013958,"AUSTIN CAMP MABRY, TX US",5/31/2020,4.7,0,0,0,,85,74,,120,110,,,12.1,18.1,,,,,,,,
USW00013958,"AUSTIN CAMP MABRY, TX US",6/1/2020,2.68,0,0,0,,84,72,,140,140,,,10.1,17,,,,,,,,
USW00013958,"AUSTIN CAMP MABRY, TX US",6/2/2020,2.46,0.01,0,0,,90,72,,140,110,,,8.9,16.1,1,,,,,,1,
USW00013958,"AUSTIN CAMP MABRY, TX US",6/3/2020,2.91,0,0,0,,93,73,,150,150,,,14.1,23.9,,,,,,,,
USW00013958,"AUSTIN CAMP MABRY, TX US",6/4/2020,4.03,0,0,0,,94,74,,150,160,,,12.1,19,,,,,,,,
USW00013958,"AUSTIN CAMP MABRY, TX US",6/5/2020,4.03,0,0,0,,94,76,,150,150,,,12.1,19,,,,,,,,
USW00013958,"AUSTIN CAMP MABRY, TX US",6/6/2020,1.79,0,0,0,,96,74,,130,90,,,10.1,16.1,,,,,,,,
USW00013958,"AUSTIN CAMP MABRY, TX US",6/7/2020,2.01,0,0,0,,96,76,,20,40,,,8.9,15,,,,,,,,
USW00013958,"AUSTIN CAMP MABRY, TX US",6/8/2020,2.91,0,0,0,,99,74,,200,200,,,8.9,19.9,,,,,,,,
USW00013958,"AUSTIN CAMP MABRY, TX US",6/9/2020,4.92,0,0,0,,100,77,,20,20,,,16.1,31.1,,,,,,,,
USW00013958,"AUSTIN CAMP MABRY, TX US",6/10/2020,4.25,0,0,0,,94,68,,20,30,,,15,21.9,,,,,,,,
USW00013958,"AUSTIN CAMP MABRY, TX US",6/11/2020,2.24,0,0,0,,96,64,,90,100,,,8.9,19,,,,,,,,
USW00013958,"AUSTIN CAMP MABRY, TX US",6/12/2020,2.46,0,0,0,,94,63,,100,110,,,8.9,17,,,,,,,,
USW00013958,"AUSTIN CAMP MABRY, TX US",6/13/2020,3.13,0,0,0,,94,67,,110,110,,,10.1,19.9,,,,,,,,
USW00013958,"AUSTIN CAMP MABRY, TX US",6/14/2020,2.68,0,0,0,,94,66,,130,90,,,10.1,18.1,,,,,,,,
USW00013958,"AUSTIN CAMP MABRY, TX US",6/15/2020,3.36,0,0,0,,96,72,,160,160,,,16.1,34,,,,,,,,
USW00013958,"AUSTIN CAMP MABRY, TX US",6/16/2020,5.37,0,0,0,,95,75,,150,150,,,13,21.9,,,,,,,,
USW00013958,"AUSTIN CAMP MABRY, TX US",6/17/2020,5.82,0,0,0,,96,71,,140,140,,,15,25.9,,,,,,,,
USW00013958,"AUSTIN CAMP MABRY, TX US",6/18/2020,6.71,0,0,0,,97,73,,160,160,,,14.1,25.9,,,,,,,,
USW00013958,"AUSTIN CAMP MABRY, TX US",6/19/2020,6.71,0,0,0,,97,77,,160,170,,,15,28,,,,,,,,
USW00013958,"AUSTIN CAMP MABRY, TX US",6/20/2020,5.14,1.25,0,0,,94,70,,160,160,,,14.1,23.9,1,,1,,,,,
USW00013958,"AUSTIN CAMP MABRY, TX US",6/21/2020,6.26,0,0,0,,96,77,,140,160,,,15,27.1,,,,,,,,
USW00013958,"AUSTIN CAMP MABRY, TX US",6/22/2020,5.82,0,0,0,,94,79,,160,190,,,14.1,29.1,,,,,,,,
USW00013958,"AUSTIN CAMP MABRY, TX US",6/23/2020,5.14,0.58,0,0,,93,71,,350,340,,,18.1,32,1,,1,,,,,
USW00013958,"AUSTIN CAMP MABRY, TX US",6/24/2020,2.91,0.02,0,0,,86,74,,10,330,,,8.9,17,,,,,,,,
USW00013958,"AUSTIN CAMP MABRY, TX US",6/25/2020,2.91,0,0,0,,94,71,,150,160,,,18.1,30,,,,,,,,
USW00013958,"AUSTIN CAMP MABRY, TX US",6/26/2020,5.14,0.61,0,0,,86,71,,150,140,,,17,33.1,1,,,,,,1,
USW00013958,"AUSTIN CAMP MABRY, TX US",6/27/2020,6.93,0,0,0,,93,77,,150,140,,,18.1,32,1,,,,,,1,
USW00013958,"AUSTIN CAMP MABRY, TX US",6/28/2020,6.49,0.2,0,0,,88,76,,160,160,,,15,29.1,1,,1,,,,,
USW00013958,"AUSTIN CAMP MABRY, TX US",6/29/2020,7.61,0,0,0,,90,78,,140,180,,,14.1,28,,,,,,,,
USW00013958,"AUSTIN CAMP MABRY, TX US",6/30/2020,6.71,0,0,0,,93,80,,170,190,,,14.1,25.9,,,,,,,,
USW00013958,"AUSTIN CAMP MABRY, TX US",7/1/2020,6.26,0,0,0,,95,80,,150,150,,,12.1,21.9,,,,,,,,
USW00013958,"AUSTIN CAMP MABRY, TX US",7/2/2020,5.37,0,0,0,,98,80,,140,180,,,12.1,19,,,,,,,1,
USW00013958,"AUSTIN CAMP MABRY, TX US",7/3/2020,4.7,0,0,0,,99,76,,150,170,,,8.9,19.9,,,,,,,,
USW00013958,"AUSTIN CAMP MABRY, TX US",7/4/2020,3.58,0,0,0,,100,74,,130,170,,,10.1,18.1,,,,,,,,
USW00013958,"AUSTIN CAMP MABRY, TX US",7/5/2020,4.47,0,0,0,,100,75,,170,170,,,10.1,19.9,,,,,,,,
USW00013958,"AUSTIN CAMP MABRY, TX US",7/6/2020,4.92,0,0,0,,94,78,,150,150,,,10.1,18.1,,,1,,,,,
USW00013958,"AUSTIN CAMP MABRY, TX US",7/7/2020,5.82,0,0,0,,100,81,,40,40,,,15,30,,,,,,,,
USW00013958,"AUSTIN CAMP MABRY, TX US",7/8/2020,6.49,0,0,0,,99,80,,150,160,,,14.1,25.1,,,,,,,,
USW00013958,"AUSTIN CAMP MABRY, TX US",7/9/2020,7.83,0,0,0,,101,80,,150,160,,,16.1,27.1,,,,,,,,
USW00013958,"AUSTIN CAMP MABRY, TX US",7/10/2020,5.59,0,0,0,,102,79,,140,220,,,12.1,25.1,,,,,,,,
USW00013958,"AUSTIN CAMP MABRY, TX US",7/11/2020,5.37,0,0,0,,104,78,,150,150,,,10.1,19.9,,,,,,,,
USW00013958,"AUSTIN CAMP MABRY, TX US",7/12/2020,4.47,0,0,0,,105,78,,160,30,,,12.1,21,,,,,,,,
USW00013958,"AUSTIN CAMP MABRY, TX US",7/13/2020,5.82,0,0,0,,108,79,,140,160,,,13,23.9,,,,,,,,
USW00013958,"AUSTIN CAMP MABRY, TX US",7/14/2020,7.16,0,0,0,,106,77,,150,170,,,16.1,34,,,,,,,,
USW00013958,"AUSTIN CAMP MABRY, TX US",7/15/2020,6.26,0,0,0,,103,78,,150,140,,,13,25.1,,,,,,,,
USW00013958,"AUSTIN CAMP MABRY, TX US",7/16/2020,4.92,0,0,0,,102,77,,160,180,,,13,21.9,,,,,,,,
USW00013958,"AUSTIN CAMP MABRY, TX US",7/17/2020,4.92,0,0,0,,102,78,,170,150,,,14.1,29.1,,,,,,,,
USW00013958,"AUSTIN CAMP MABRY, TX US",7/18/2020,4.92,0,0,0,,98,76,,150,130,,,15,23.9,,,,,,,,
USW00013958,"AUSTIN CAMP MABRY, TX US",7/19/2020,3.8,0,0,0,,99,76,,140,80,,,10.1,19.9,,,,,,,,
USW00013958,"AUSTIN CAMP MABRY, TX US",7/20/2020,4.47,0,0,0,,100,77,,130,110,,,14.1,21.9,,,,,,,,
USW00013958,"AUSTIN CAMP MABRY, TX US",7/21/2020,5.14,0,0,0,,97,78,,140,130,,,12.1,19.9,,,,,,,,
USW00013958,"AUSTIN CAMP MABRY, TX US",7/22/2020,4.92,0,0,0,,100,79,,140,170,,,14.1,23.9,,,,,,,,
USW00013958,"AUSTIN CAMP MABRY, TX US",7/23/2020,3.58,0,0,0,,101,79,,90,110,,,13,21.9,,,,,,,,
USW00013958,"AUSTIN CAMP MABRY, TX US",7/24/2020,4.92,0,0,0,,100,81,,110,70,,,13,25.1,,,,,,,,
USW00013958,"AUSTIN CAMP MABRY, TX US",7/25/2020,5.59,0.14,0,0,,94,75,,140,130,,,23.9,38,1,,,,,,1,
USW00013958,"AUSTIN CAMP MABRY, TX US",7/26/2020,4.92,0.04,0,0,,97,76,,120,130,,,16.1,27.1,,,,,,,,
USW00013958,"AUSTIN CAMP MABRY, TX US",7/27/2020,2.68,0,0,0,,98,77,,140,170,,,13,19.9,,,,,,,,
USW00013958,"AUSTIN CAMP MABRY, TX US",7/28/2020,3.58,0,0,0,,102,76,,140,140,,,15,28,,,1,,,,,
USW00013958,"AUSTIN CAMP MABRY, TX US",7/29/2020,5.14,0,0,0,,102,75,,160,140,,,16.1,31.1,,,,,,,,
USW00013958,"AUSTIN CAMP MABRY, TX US",7/30/2020,6.93,0,0,0,,101,77,,210,220,,,14.1,25.1,,,,,,,,
USW00013958,"AUSTIN CAMP MABRY, TX US",7/31/2020,4.03,0.47,0,0,,102,74,,20,20,,,18.1,32,1,,1,,,,,
USW00013958,"AUSTIN CAMP MABRY, TX US",8/1/2020,2.24,0,0,0,,99,74,,140,60,,,8.9,16.1,,,,,,,,
USW00013958,"AUSTIN CAMP MABRY, TX US",8/2/2020,2.46,0,0,0,,101,74,,20,30,,,16.1,28,,,1,,,,,
USW00013958,"AUSTIN CAMP MABRY, TX US",8/3/2020,1.57,0,0,0,,103,73,,350,340,,,14.1,30,,,1,,,,,
USW00013958,"AUSTIN CAMP MABRY, TX US",8/4/2020,2.24,0,0,0,,102,75,,160,200,,,8.9,17,,,,,,,,
USW00013958,"AUSTIN CAMP MABRY, TX US",8/5/2020,6.26,0,0,0,,103,76,,150,160,,,13,23,,,,,,,,
USW00013958,"AUSTIN CAMP MABRY, TX US",8/6/2020,6.49,0,0,0,,103,77,,130,170,,,14.1,27.1,,,,,,,,
USW00013958,"AUSTIN CAMP MABRY, TX US",8/7/2020,5.14,0,0,0,,103,77,,160,150,,,15,29.1,,,,,,,,
USW00013958,"AUSTIN CAMP MABRY, TX US",8/8/2020,5.14,0,0,0,,104,77,,160,150,,,14.1,25.1,,,,,,,,
USW00013958,"AUSTIN CAMP MABRY, TX US",8/9/2020,6.49,0,0,0,,103,78,,170,180,,,13,28,,,,,,,,
USW00013958,"AUSTIN CAMP MABRY, TX US",8/10/2020,6.49,0,0,0,,103,79,,150,130,,,15,25.9,,,,,,,,
USW00013958,"AUSTIN CAMP MABRY, TX US",8/11/2020,5.59,0,0,0,,104,79,,160,150,,,14.1,29.1,,,,,,,,
USW00013958,"AUSTIN CAMP MABRY, TX US",8/12/2020,5.82,0,0,0,,106,79,,170,150,,,12.1,23,,,,,,,,
USW00013958,"AUSTIN CAMP MABRY, TX US",8/13/2020,5.14,0,0,0,,104,79,,160,190,,,12.1,23,,,,,,,,
USW00013958,"AUSTIN CAMP MABRY, TX US",8/14/2020,6.04,0,0,0,,107,78,,160,190,,,13,25.1,,,,,,,,
USW00013958,"AUSTIN CAMP MABRY, TX US",8/15/2020,5.14,0,0,0,,107,79,,150,180,,,12.1,21,,,,,,,,
USW00013958,"AUSTIN CAMP MABRY, TX US",8/16/2020,3.13,0,0,0,,106,79,,150,170,,,10.1,19.9,,,,,,,,
USW00013958,"AUSTIN CAMP MABRY, TX US",8/17/2020,2.46,0,0,0,,101,76,,30,40,,,15,34,,,,,,,,
USW00013958,"AUSTIN CAMP MABRY, TX US",8/18/2020,2.91,0,0,0,,104,75,,40,40,,,8.1,18.1,,,,,,,,
USW00013958,"AUSTIN CAMP MABRY, TX US",8/19/2020,3.36,0,0,0,,104,73,,30,20,,,10.1,21,,,,,,,,
USW00013958,"AUSTIN CAMP MABRY, TX US",8/20/2020,2.01,0,0,0,,101,71,,110,50,,,8.1,14.1,,,,,,,,
USW00013958,"AUSTIN CAMP MABRY, TX US",8/21/2020,4.47,0,0,0,,104,77,,130,130,,,14.1,21,,,,,,,,
USW00013958,"AUSTIN CAMP MABRY, TX US",8/22/2020,3.36,1.25,0,0,,93,68,,340,360,,,19.9,36.9,1,,1,,,,,
USW00013958,"AUSTIN CAMP MABRY, TX US",8/23/2020,2.91,0,0,0,,97,70,,120,80,,,12.1,17,,,,,,,,
USW00013958,"AUSTIN CAMP MABRY, TX US",8/24/2020,2.46,0,0,0,,100,75,,120,70,,,10.1,19,,,,,,,,
USW00013958,"AUSTIN CAMP MABRY, TX US",8/25/2020,2.46,0,0,0,,101,75,,20,80,,,8.9,18.1,,,,,,,,
USW00013958,"AUSTIN CAMP MABRY, TX US",8/26/2020,3.58,0,0,0,,97,79,,90,90,,,10.1,19.9,,,,,,,,
USW00013958,"AUSTIN CAMP MABRY, TX US",8/27/2020,3.13,0,0,0,,101,76,,120,50,,,8.9,17,,,,,,,,
USW00013958,"AUSTIN CAMP MABRY, TX US",8/28/2020,5.82,0,0,0,,106,81,,160,150,,,16.1,29.1,,,,,,,1,
USW00013958,"AUSTIN CAMP MABRY, TX US",8/29/2020,6.04,0,0,0,,105,79,,180,180,,,12.1,21.9,,,,,,,,
USW00013958,"AUSTIN CAMP MABRY, TX US",8/30/2020,5.14,0,0,0,,103,79,,160,160,,,15,25.1,,,,,,,,
USW00013958,"AUSTIN CAMP MABRY, TX US",8/31/2020,7.38,0,0,0,,104,83,,150,160,,,15,27.1,,,,,,,1,
USW00013958,"AUSTIN CAMP MABRY, TX US",9/1/2020,7.16,0,0,0,,100,83,,150,180,,,17,29.1,,,,,,,,
USW00013958,"AUSTIN CAMP MABRY, TX US",9/2/2020,4.47,0.16,0,0,,85,73,,120,40,,,10.1,23.9,1,,,,,,,
USW00013958,"AUSTIN CAMP MABRY, TX US",9/3/2020,3.13,1.43,0,0,,94,72,,20,320,,,12.1,23,1,1,1,,,,,
USW00013958,"AUSTIN CAMP MABRY, TX US",9/4/2020,1.12,1.48,0,0,,83,72,,110,140,,,12.1,19.9,1,,1,,,,1,
USW00013958,"AUSTIN CAMP MABRY, TX US",9/5/2020,1.79,0,0,0,,92,74,,80,90,,,8.1,21,,,1,,,,,
USW00013958,"AUSTIN CAMP MABRY, TX US",9/6/2020,1.57,0,0,0,,94,73,,150,160,,,6.9,12.1,,,,,,,,
USW00013958,"AUSTIN CAMP MABRY, TX US",9/7/2020,3.8,0,0,0,,97,73,,140,140,,,12.1,19.9,,,,,,,,
USW00013958,"AUSTIN CAMP MABRY, TX US",9/8/2020,6.04,0,0,0,,91,77,,160,150,,,17,31.1,,,,,,,,
USW00013958,"AUSTIN CAMP MABRY, TX US",9/9/2020,4.7,2.29,0,0,,81,60,,120,180,,,15,27.1,1,,1,,,,,
USW00013958,"AUSTIN CAMP MABRY, TX US",9/10/2020,5.37,0.06,0,0,,67,58,,340,10,,,10.1,19.9,,,,,,,,
USW00013958,"AUSTIN CAMP MABRY, TX US",9/11/2020,3.8,0,0,0,,87,63,,10,360,,,8.1,15,1,,,,,,,
USW00013958,"AUSTIN CAMP MABRY, TX US",9/12/2020,2.01,0,0,0,,93,68,,30,50,,,6.9,11,,,,,,,,
USW00013958,"AUSTIN CAMP MABRY, TX US",9/13/2020,5.59,0,0,0,,94,75,,20,30,,,13,21.9,,,,,,,,
USW00013958,"AUSTIN CAMP MABRY, TX US",9/14/2020,7.16,0,0,0,,92,74,,10,10,,,14.1,25.9,,,,,,,,
USW00013958,"AUSTIN CAMP MABRY, TX US",9/15/2020,4.47,0,0,0,,93,74,,20,340,,,10.1,17,,,,,,,,
USW00013958,"AUSTIN CAMP MABRY, TX US",9/16/2020,3.13,0,0,0,,94,74,,360,350,,,12.1,17,,,,,,,,
USW00013958,"AUSTIN CAMP MABRY, TX US",9/17/2020,4.03,0,0,0,,90,74,,10,60,,,14.1,25.1,,,1,,,,,
USW00013958,"AUSTIN CAMP MABRY, TX US",9/18/2020,5.37,0,0,0,,89,71,,10,360,,,14.1,23.9,,,,,,,,
USW00013958,"AUSTIN CAMP MABRY, TX US",9/19/2020,6.71,0,0,0,,85,69,,10,360,,,13,21.9,,,,,,,1,
USW00013958,"AUSTIN CAMP MABRY, TX US",9/20/2020,6.93,0.16,0,0,,86,64,,10,360,,,14.1,25.1,1,,,,,,,
USW00013958,"AUSTIN CAMP MABRY, TX US",9/21/2020,8.05,0.18,0,0,,73,68,,20,20,,,14.1,25.9,1,,,,,,1,
USW00013958,"AUSTIN CAMP MABRY, TX US",9/22/2020,7.38,0.2,0,0,,75,69,,10,20,,,13,23.9,1,,,,,,,
USW00013958,"AUSTIN CAMP MABRY, TX US",9/23/2020,4.92,0,0,0,,77,70,,350,10,,,10.1,17,1,,,,,,,
USW00013958,"AUSTIN CAMP MABRY, TX US",9/24/2020,2.46,0,0,0,,82,65,,360,10,,,8.9,17,,,,,,,,
USW00013958,"AUSTIN CAMP MABRY, TX US",9/25/2020,2.01,0,0,0,,89,61,,150,170,,,8.1,12.1,,,,,,,,
USW00013958,"AUSTIN CAMP MABRY, TX US",9/26/2020,4.7,0,0,0,,91,68,,160,190,,,12.1,23.9,1,,,,,,,
USW00013958,"AUSTIN CAMP MABRY, TX US",9/27/2020,6.71,0,0,0,,93,76,,200,190,,,12.1,25.1,,,,,,,,
USW00013958,"AUSTIN CAMP MABRY, TX US",9/28/2020,8.5,0,0,0,,81,64,,10,10,,,19.9,36.9,,,,,,,,
USW00013958,"AUSTIN CAMP MABRY, TX US",9/29/2020,2.68,0,0,0,,85,56,,10,350,,,12.1,19.9,,,,,,,,
USW00013958,"AUSTIN CAMP MABRY, TX US",9/30/2020,1.57,0,0,0,,90,53,,140,150,,,8.9,16.1,,,,,,,,
USW00013958,"AUSTIN CAMP MABRY, TX US",10/1/2020,3.36,0,0,0,,91,56,,40,30,,,8.1,19,,,,,,,,
USW00013958,"AUSTIN CAMP MABRY, TX US",10/2/2020,2.68,0,0,0,,85,59,,130,90,,,10.1,16.1,,,,,,,,
USW00013958,"AUSTIN CAMP MABRY, TX US",10/3/2020,2.91,0,0,0,,87,59,,160,150,,,10.1,21,,,,,,,,
USW00013958,"AUSTIN CAMP MABRY, TX US",10/4/2020,3.13,0,0,0,,91,61,,20,10,,,10.1,19,,,,,,,,
USW00013958,"AUSTIN CAMP MABRY, TX US",10/5/2020,2.68,0,0,0,,87,64,,120,120,,,8.1,12.1,,,,,,,,
USW00013958,"AUSTIN CAMP MABRY, TX US",10/6/2020,1.57,0,0,0,,88,64,,160,120,,,8.1,14.1,1,,,,,,,
USW00013958,"AUSTIN CAMP MABRY, TX US",10/7/2020,1.57,0,0,0,,92,63,,100,90,,,8.1,14.1,,,,,,,,
USW00013958,"AUSTIN CAMP MABRY, TX US",10/8/2020,2.01,0,0,0,,88,61,,90,110,,,8.1,14.1,,,,,,,,
USW00013958,"AUSTIN CAMP MABRY, TX US",10/9/2020,3.8,0,0,0,,90,72,,360,30,,,10.1,19.9,,,,,,,,
USW00013958,"AUSTIN CAMP MABRY, TX US",10/10/2020,2.01,0,0,0,,96,66,,130,140,,,8.1,14.1,1,,,,,,,
USW00013958,"AUSTIN CAMP MABRY, TX US",10/11/2020,3.8,0,0,0,,99,68,,160,180,,,10.1,21.9,,,,,,,,
USW00013958,"AUSTIN CAMP MABRY, TX US",10/12/2020,5.14,0,0,0,,89,65,,10,30,,,12.1,21,,,,,,,,
USW00013958,"AUSTIN CAMP MABRY, TX US",10/13/2020,1.12,0,0,0,,91,57,,30,50,,,6.9,12.1,,,,,,,,
USW00013958,"AUSTIN CAMP MABRY, TX US",10/14/2020,3.8,0,0,0,,93,60,,160,190,,,12.1,21.9,,,,,,,,
USW00013958,"AUSTIN CAMP MABRY, TX US",10/15/2020,6.71,0,0,0,,91,67,,20,50,,,16.1,34,,,,,,,1,
USW00013958,"AUSTIN CAMP MABRY, TX US",10/16/2020,5.82,0,0,0,,77,57,,30,20,,,17,32,,,,,,,,
USW00013958,"AUSTIN CAMP MABRY, TX US",10/17/2020,4.92,0.01,0,0,,81,61,,190,190,,,10.1,23.9,1,,,,,,,
USW00013958,"AUSTIN CAMP MABRY, TX US",10/18/2020,6.49,0,0,0,,93,73,,210,190,,,14.1,31.1,,,,,,,,
USW00013958,"AUSTIN CAMP MABRY, TX US",10/19/2020,4.92,0,0,0,,93,73,,140,160,,,12.1,23,,,,,,,,
USW00013958,"AUSTIN CAMP MABRY, TX US",10/20/2020,6.71,0,0,0,,93,75,,160,160,,,13,21.9,,,,,,,,
USW00013958,"AUSTIN CAMP MABRY, TX US",10/21/2020,4.92,0,0,0,,91,74,,130,140,,,12.1,18.1,,,,,,,,
USW00013958,"AUSTIN CAMP MABRY, TX US",10/22/2020,6.49,0,0,0,,91,73,,140,160,,,13,21.9,,,,,,,,
USW00013958,"AUSTIN CAMP MABRY, TX US",10/23/2020,5.37,0,0,0,,85,55,,350,340,,,16.1,28,1,,,,,,,
USW00013958,"AUSTIN CAMP MABRY, TX US",10/24/2020,4.03,0,0,0,,67,53,,350,10,,,12.1,21.9,,,,,,,,
USW00013958,"AUSTIN CAMP MABRY, TX US",10/25/2020,4.47,0,0,0,,86,55,,150,160,,,14.1,25.9,1,,,,,,,
USW00013958,"AUSTIN CAMP MABRY, TX US",10/26/2020,6.49,0.12,0,0,,75,42,,360,10,,,14.1,25.1,1,,,,,,,
USW00013958,"AUSTIN CAMP MABRY, TX US",10/27/2020,6.93,0.04,0,0,,43,40,,350,340,,,12.1,23,1,,,,,,,
USW00013958,"AUSTIN CAMP MABRY, TX US",10/28/2020,5.82,0.18,0,0,,62,39,,300,320,,,14.1,29.1,1,,,,,,,
USW00013958,"AUSTIN CAMP MABRY, TX US",10/29/2020,5.82,0,0,0,,64,40,,340,320,,,18.1,36.9,,,,,,,,
USW00013958,"AUSTIN CAMP MABRY, TX US",10/30/2020,2.01,0,0,0,,73,45,,360,360,,,8.1,15,,,,,,,,
USW00013958,"AUSTIN CAMP MABRY, TX US",10/31/2020,1.79,0,0,0,,79,41,,150,140,,,8.9,17,,,,,,,,
USW00013958,"AUSTIN CAMP MABRY, TX US",11/1/2020,4.47,0,0,0,,79,50,,30,30,,,14.1,23.9,,,,,,,,
USW00013958,"AUSTIN CAMP MABRY, TX US",11/2/2020,1.57,0,0,0,,78,47,,110,110,,,6.9,12.1,,,,,,,,
USW00013958,"AUSTIN CAMP MABRY, TX US",11/3/2020,2.46,0,0,0,,81,43,,150,180,,,10.1,19.9,,,,,,,,
USW00013958,"AUSTIN CAMP MABRY, TX US",11/4/2020,2.68,0,0,0,,82,48,,150,170,,,12.1,21.9,,,,,,,,
USW00013958,"AUSTIN CAMP MABRY, TX US",11/5/2020,2.46,0,0,0,,83,57,,160,170,,,10.1,19.9,,,,,,,,
USW00013958,"AUSTIN CAMP MABRY, TX US",11/6/2020,2.46,0,0,0,,82,63,,130,140,,,8.1,13,,,,,,,,
USW00013958,"AUSTIN CAMP MABRY, TX US",11/7/2020,2.24,0,0,0,,82,54,,140,140,,,8.9,15,,,,,,,,
USW00013958,"AUSTIN CAMP MABRY, TX US",11/8/2020,3.8,0,0,0,,84,59,,140,150,,,13,21,1,,,,,,,
USW00013958,"AUSTIN CAMP MABRY, TX US",11/9/2020,6.26,0,0,0,,86,66,,150,160,,,13,23.9,,,,,,,,
USW00013958,"AUSTIN CAMP MABRY, TX US",11/10/2020,3.8,0,0,0,,81,64,,340,340,,,13,25.9,,,,,,,,
USW00013958,"AUSTIN CAMP MABRY, TX US",11/11/2020,3.58,0,0,0,,84,59,,20,20,,,8.1,14.1,,,,,,,,
USW00013958,"AUSTIN CAMP MABRY, TX US",11/12/2020,2.01,0,0,0,,85,63,,190,160,,,8.9,19,,,,,,,1,
USW00013958,"AUSTIN CAMP MABRY, TX US",11/13/2020,3.36,0,0,0,,84,65,,150,150,,,12.1,19.9,1,,,,,,,
USW00013958,"AUSTIN CAMP MABRY, TX US",11/14/2020,4.7,0,0,0,,87,71,,210,180,,,13,28,,,,,,,,
USW00013958,"AUSTIN CAMP MABRY, TX US",11/15/2020,6.26,0,0,0,,74,52,,360,10,,,18.1,33.1,,,,,,,,
USW00013958,"AUSTIN CAMP MABRY, TX US",11/16/2020,0.45,0,0,0,,76,43,,140,140,,,8.9,13,,,,,,,,
USW00013958,"AUSTIN CAMP MABRY, TX US",11/17/2020,2.01,0,0,0,,78,41,,110,90,,,12.1,16.1,,,,,,,,
USW00013958,"AUSTIN CAMP MABRY, TX US",11/18/2020,3.36,0,0,0,,81,43,,140,160,,,12.1,19.9,,,,,,,,
USW00013958,"AUSTIN CAMP MABRY, TX US",11/19/2020,3.8,0,0,0,,83,59,,170,180,,,12.1,21.9,1,,,,,,,
USW00013958,"AUSTIN CAMP MABRY, TX US",11/20/2020,3.36,0,0,0,,84,63,,150,190,,,10.1,18.1,1,,,,,,,
USW00013958,"AUSTIN CAMP MABRY, TX US",11/21/2020,3.36,0,0,0,,81,65,,150,120,,,10.1,16.1,1,,,,,,,
USW00013958,"AUSTIN CAMP MABRY, TX US",11/22/2020,4.92,0,0,0,,83,57,,10,50,,,14.1,25.9,,,,,,,,
USW00013958,"AUSTIN CAMP MABRY, TX US",11/23/2020,4.47,0,0,0,,68,52,,30,40,,,12.1,19,,,,,,,1,
USW00013958,"AUSTIN CAMP MABRY, TX US",11/24/2020,6.04,0.04,0,0,,84,59,,210,190,,,14.1,30,1,,,,,,,
USW00013958,"AUSTIN CAMP MABRY, TX US",11/25/2020,4.25,0,0,0,,74,50,,360,340,,,14.1,27.1,,,,,,,,
USW00013958,"AUSTIN CAMP MABRY, TX US",11/26/2020,1.79,0,0,0,,78,45,,220,190,,,8.9,19,,,,,,,,
USW00013958,"AUSTIN CAMP MABRY, TX US",11/27/2020,4.92,0.02,0,0,,71,60,,10,10,,,13,23.9,1,,,,,,1,
USW00013958,"AUSTIN CAMP MABRY, TX US",11/28/2020,4.92,0.65,0,0,,61,51,,320,320,,,10.1,19.9,1,,,,,,,
USW00013958,"AUSTIN CAMP MABRY, TX US",11/29/2020,7.83,0.02,0,0,,57,46,,350,340,,,16.1,29.1,1,,,,,,,
USW00013958,"AUSTIN CAMP MABRY, TX US",11/30/2020,5.14,0,0,0,,58,33,,360,340,,,15,28,,,,,,,,
USW00013958,"AUSTIN CAMP MABRY, TX US",12/1/2020,3.58,0,0,0,,64,30,,160,160,,,14.1,27.1,,,,,,,,
USW00013958,"AUSTIN CAMP MABRY, TX US",12/2/2020,4.47,0,0,0,,66,44,,360,360,,,15,27.1,,,,,,,,
USW00013958,"AUSTIN CAMP MABRY, TX US",12/3/2020,6.26,0,0,0,,59,40,,320,300,,,14.1,27.1,,,,,,,,
USW00013958,"AUSTIN CAMP MABRY, TX US",12/4/2020,3.13,0,0,0,,60,36,,10,310,,,8.9,16.1,,,,,,,,
USW00013958,"AUSTIN CAMP MABRY, TX US",12/5/2020,0.45,0.01,0,0,,54,36,,330,310,,,6.9,11,1,,,,,,,
USW00013958,"AUSTIN CAMP MABRY, TX US",12/6/2020,5.59,0,0,0,,68,42,,350,330,,,13,23,1,,,,,,,
USW00013958,"AUSTIN CAMP MABRY, TX US",12/7/2020,3.36,0,0,0,,72,41,,20,10,,,12.1,18.1,,,,,,,,
USW00013958,"AUSTIN CAMP MABRY, TX US",12/8/2020,3.13,0,0,0,,79,43,,290,290,,,10.1,19,,,,,,,,
USW00013958,"AUSTIN CAMP MABRY, TX US",12/9/2020,2.24,0,0,0,,82,46,,210,280,,,8.1,16.1,,,,,,,,
USW00013958,"AUSTIN CAMP MABRY, TX US",12/10/2020,4.03,0,0,0,,78,44,,160,200,,,13,23,,,,,,,,
USW00013958,"AUSTIN CAMP MABRY, TX US",12/11/2020,1.57,0.06,0,0,,71,57,,350,190,,,8.1,15,1,,,,,,,
USW00013958,"AUSTIN CAMP MABRY, TX US",12/12/2020,3.8,0,0,0,,64,48,,10,10,,,14.1,21.9,1,,,,,,,
USW00013958,"AUSTIN CAMP MABRY, TX US",12/13/2020,6.71,0,0,0,,69,42,,360,360,,,23,40.9,1,,,,,,1,
USW00013958,"AUSTIN CAMP MABRY, TX US",12/14/2020,4.7,0,0,0,,52,36,,350,20,,,19.9,36.9,,,,,,,,
USW00013958,"AUSTIN CAMP MABRY, TX US",12/15/2020,2.68,0,0,0,,59,40,,340,350,,,12.1,23,,,,,,,1,
USW00013958,"AUSTIN CAMP MABRY, TX US",12/16/2020,3.8,0,0,0,,58,36,,340,330,,,13,21.9,,,,,,,,
USW00013958,"AUSTIN CAMP MABRY, TX US",12/17/2020,2.01,0,0,0,,66,30,,170,150,,,8.9,17,,,,,,,,
USW00013958,"AUSTIN CAMP MABRY, TX US",12/18/2020,3.58,0,0,0,,64,38,,180,,,,12.1,,1,,,,,,,
USW00013958,"AUSTIN CAMP MABRY, TX US",12/19/2020,1.79,0.77,0,0,,69,44,,340,310,,,8.9,17,1,,1,,,,,
USW00013958,"AUSTIN CAMP MABRY, TX US",12/20/2020,2.01,0,0,0,,69,42,,310,300,,,10.1,18.1,,,,,,,,
USW00013958,"AUSTIN CAMP MABRY, TX US",12/21/2020,1.34,0,0,0,,75,40,,210,200,,,8.9,17,,,,,,,,
USW00013958,"AUSTIN CAMP MABRY, TX US",12/22/2020,4.47,0,0,0,,75,43,,170,180,,,12.1,23.9,,,,,,,,
USW00013958,"AUSTIN CAMP MABRY, TX US",12/23/2020,6.93,0,0,0,,82,47,,360,350,,,21,38.9,,,,,,,,
USW00013958,"AUSTIN CAMP MABRY, TX US",12/24/2020,7.16,0,0,0,,57,34,,340,10,,,21,38.9,,,,,,,,
USW00013958,"AUSTIN CAMP MABRY, TX US",12/25/2020,3.58,0,0,0,,71,41,,290,290,,,10.1,18.1,,,,,,,,
USW00013958,"AUSTIN CAMP MABRY, TX US",12/26/2020,3.58,0,0,0,,71,35,,190,190,,,14.1,27.1,,,,,,,,
USW00013958,"AUSTIN CAMP MABRY, TX US",12/27/2020,3.36,0,0,0,,77,47,,210,220,,,14.1,29.1,,,,,,,,
USW00013958,"AUSTIN CAMP MABRY, TX US",12/28/2020,4.7,0,0,0,,75,56,,140,140,,,14.1,23,1,,,,,,,
USW00013958,"AUSTIN CAMP MABRY, TX US",12/29/2020,10.07,0,0,0,,77,63,,160,170,,,19.9,36.9,,,,,,,,
USW00013958,"AUSTIN CAMP MABRY, TX US",12/30/2020,8.5,1.45,0,0,,75,44,,10,360,,,19.9,31.1,1,,,,,,,
USW00013958,"AUSTIN CAMP MABRY, TX US",12/31/2020,7.38,1.78,0,0,,44,37,,340,360,,,15,28,1,,1,,,,,
USW00013958,"AUSTIN CAMP MABRY, TX US",1/1/2021,5.82,0,0,0,,53,37,,300,300,,,15,25.9,,,,,,,,
USW00013958,"AUSTIN CAMP MABRY, TX US",1/2/2021,2.46,0,0,0,,64,37,,320,290,,,8.9,17,,,,,,,,
USW00013958,"AUSTIN CAMP MABRY, TX US",1/3/2021,3.58,0,0,0,,72,37,,230,210,,,13,23.9,,,,,,,,
USW00013958,"AUSTIN CAMP MABRY, TX US",1/4/2021,2.46,0,0,0,,78,39,,20,40,,,8.1,16.1,,,,,,,,
USW00013958,"AUSTIN CAMP MABRY, TX US",1/5/2021,4.47,0,0,0,,73,44,,150,150,,,12.1,19.9,,,,,,,,
USW00013958,"AUSTIN CAMP MABRY, TX US",1/6/2021,5.59,0.03,0,0,,71,49,,290,320,,,18.1,40.9,1,,,,,,,
USW00013958,"AUSTIN CAMP MABRY, TX US",1/7/2021,5.82,0,0,0,,63,42,,340,330,,,16.1,31.1,,,,,,,,
USW00013958,"AUSTIN CAMP MABRY, TX US",1/8/2021,3.8,0,0,0,,54,37,,20,10,,,12.1,19.9,,,,,,,,
USW00013958,"AUSTIN CAMP MABRY, TX US",1/9/2021,2.01,0.01,0,0,,54,32,,110,70,,,8.9,15,,,,,,,,
USW00013958,"AUSTIN CAMP MABRY, TX US",1/10/2021,5.37,1.07,1.5,0,,45,34,,20,20,,,12.1,21,1,1,,1,,,,
USW00013958,"AUSTIN CAMP MABRY, TX US",1/11/2021,4.47,0,0,1.2,,50,32,,360,360,,,10.1,18.1,,,,,,,,
USW00013958,"AUSTIN CAMP MABRY, TX US",1/12/2021,1.12,0,0,0,,53,31,,180,200,,,6.9,13,1,1,,,,,,
USW00013958,"AUSTIN CAMP MABRY, TX US",1/13/2021,2.91,0,0,0,,67,32,,230,240,,,8.9,16.1,,,,,,,,
USW00013958,"AUSTIN CAMP MABRY, TX US",1/14/2021,4.92,0,0,0,,69,38,,350,350,,,18.1,32,,,,,,,,
USW00013958,"AUSTIN CAMP MABRY, TX US",1/15/2021,6.26,0,0,0,,60,39,,290,280,,,18.1,32,,,,,,,,
USW00013958,"AUSTIN CAMP MABRY, TX US",1/16/2021,3.13,0,0,0,,65,37,,290,330,,,8.1,14.1,,,,,,,,
USW00013958,"AUSTIN CAMP MABRY, TX US",1/17/2021,2.01,0,0,0,,69,39,,290,280,,,10.1,19,,,,,,,,
USW00013958,"AUSTIN CAMP MABRY, TX US",1/18/2021,4.7,0,0,0,,75,37,,210,210,,,14.1,25.9,,,,,,,,
USW00013958,"AUSTIN CAMP MABRY, TX US",1/19/2021,6.26,0.35,0,0,,69,50,,10,360,,,14.1,25.1,1,,,,,,,
USW00013958,"AUSTIN CAMP MABRY, TX US",1/20/2021,3.13,0.06,0,0,,55,48,,20,10,,,10.1,21,1,,,,,,,
USW00013958,"AUSTIN CAMP MABRY, TX US",1/21/2021,1.12,0,0,0,,66,50,,160,150,,,6,10.1,1,,,,,,,
USW00013958,"AUSTIN CAMP MABRY, TX US",1/22/2021,3.8,0.01,0,0,,78,52,,20,30,,,15,23.9,1,,,,,,,
USW00013958,"AUSTIN CAMP MABRY, TX US",1/23/2021,3.13,0.01,0,0,,61,50,,20,50,,,8.1,14.1,1,,,,,,1,
USW00013958,"AUSTIN CAMP MABRY, TX US",1/24/2021,4.47,0.03,0,0,,71,60,,150,170,,,15,27.1,1,1,,,,,,
USW00013958,"AUSTIN CAMP MABRY, TX US",1/25/2021,4.7,0.06,0,0,,76,49,,290,280,,,15,30,1,,,,,,,
USW00013958,"AUSTIN CAMP MABRY, TX US",1/26/2021,4.47,0,0,0,,73,46,,10,360,,,15,28,,,,,,,,
USW00013958,"AUSTIN CAMP MABRY, TX US",1/27/2021,6.71,0,0,0,,65,45,,360,340,,,15,29.1,,,,,,,,
USW00013958,"AUSTIN CAMP MABRY, TX US",1/28/2021,3.36,0,0,0,,56,38,,90,80,,,8.1,17,,,,,,,,
USW00013958,"AUSTIN CAMP MABRY, TX US",1/29/2021,4.25,0,0,0,,69,36,,160,180,,,13,27.1,,,,,,,,
USW00013958,"AUSTIN CAMP MABRY, TX US",1/30/2021,4.92,0,0,0,,80,53,,160,190,,,13,25.9,,,,,,,,
USW00013958,"AUSTIN CAMP MABRY, TX US",1/31/2021,6.93,0,0,0,,69,49,,10,320,,,15,31.1,,,,,,,,
USW00013958,"AUSTIN CAMP MABRY, TX US",2/1/2021,3.8,0,0,0,,67,41,,20,360,,,14.1,23.9,,,,,,,,
USW00013958,"AUSTIN CAMP MABRY, TX US",2/2/2021,2.46,0,0,0,,69,40,,160,160,,,10.1,19,,,,,,,,
USW00013958,"AUSTIN CAMP MABRY, TX US",2/3/2021,5.37,0,0,0,,77,45,,170,190,,,13,25.9,,,,,,,,
USW00013958,"AUSTIN CAMP MABRY, TX US",2/4/2021,9.17,0,0,0,,85,55,,360,10,,,18.1,30,,,,,,,,
USW00013958,"AUSTIN CAMP MABRY, TX US",2/5/2021,5.82,0.06,0,0,,61,44,,120,40,,,13,25.1,,,1,,,,,
USW00013958,"AUSTIN CAMP MABRY, TX US",2/6/2021,4.92,0,0,0,,75,48,,350,330,,,17,34,1,,,,,,1,
USW00013958,"AUSTIN CAMP MABRY, TX US",2/7/2021,5.37,0,0,0,,70,40,,160,210,,,13,27.1,,,,,,,,
USW00013958,"AUSTIN CAMP MABRY, TX US",2/8/2021,3.58,0,0,0,,76,51,,230,230,,,13,23,1,1,,,,,1,
USW00013958,"AUSTIN CAMP MABRY, TX US",2/9/2021,4.03,0,0,0,,64,46,,30,30,,,8.9,17,1,,,,,,,
USW00013958,"AUSTIN CAMP MABRY, TX US",2/10/2021,7.16,0.04,0,0,,46,37,,10,10,,,13,21.9,1,,,,,,1,
USW00013958,"AUSTIN CAMP MABRY, TX US",2/11/2021,8.5,0.45,0,0,,37,31,,360,340,,,15,30,1,,1,,,1,,
USW00013958,"AUSTIN CAMP MABRY, TX US",2/12/2021,5.59,0,0,0,,33,29,,360,10,,,14.1,23,1,,,,,1,,
USW00013958,"AUSTIN CAMP MABRY, TX US",2/13/2021,7.83,0,0,0,,31,26,,10,10,,,13,25.1,1,,,,,1,1,
USW00013958,"AUSTIN CAMP MABRY, TX US",2/14/2021,9.4,0.2,1,0,,30,13,,350,10,,,17,30,1,,,1,,1,1,
USW00013958,"AUSTIN CAMP MABRY, TX US",2/15/2021,8.5,0.52,5.4,6,,25,8,,340,330,,,17,32,1,1,,,,,,
USW00013958,"AUSTIN CAMP MABRY, TX US",2/16/2021,2.91,0.02,0,5,,26,7,,10,100,,,8.9,15,1,,,,,1,1,
USW00013958,"AUSTIN CAMP MABRY, TX US",2/17/2021,2.91,0.54,0,3.9,,32,24,,140,,,,8.1,,1,,,1,,1,,
USW00013958,"AUSTIN CAMP MABRY, TX US",2/18/2021,4.92,0.01,0,4,,33,24,,360,360,,,16.1,25.1,1,,,,,,,
USW00013958,"AUSTIN CAMP MABRY, TX US",2/19/2021,2.46,0,0,2,,43,21,,320,330,,,8.1,14.1,1,,,,,,,
USW00013958,"AUSTIN CAMP MABRY, TX US",2/20/2021,5.14,0,0,2,,62,26,,150,170,,,16.1,25.1,1,,,,,,1,
USW00013958,"AUSTIN CAMP MABRY, TX US",2/21/2021,4.25,0,0,0,,76,44,,210,200,,,15,32,1,,,,,,,
USW00013958,"AUSTIN CAMP MABRY, TX US",2/22/2021,2.01,0,0,0,,76,42,,140,140,,,8.9,15,,,,,,,,
USW00013958,"AUSTIN CAMP MABRY, TX US",2/23/2021,5.14,0,0,0,,79,47,,210,190,,,15,31.1,,,,,,,,
USW00013958,"AUSTIN CAMP MABRY, TX US",2/24/2021,5.14,0,0,0,,86,64,,230,220,,,12.1,23,,,,,,,,
USW00013958,"AUSTIN CAMP MABRY, TX US",2/25/2021,5.59,0.04,0,0,,66,51,,20,40,,,13,19.9,1,,,,,,,
USW00013958,"AUSTIN CAMP MABRY, TX US",2/26/2021,1.79,0.02,0,0,,60,47,,340,340,,,8.9,18.1,1,,,,,,,
USW00013958,"AUSTIN CAMP MABRY, TX US",2/27/2021,4.25,0.01,0,0,,79,58,,180,160,,,15,29.1,1,1,,,,,,
USW00013958,"AUSTIN CAMP MABRY, TX US",2/28/2021,5.82,0,0,0,,74,58,,10,30,,,14.1,25.1,,,,,,,1,
USW00013958,"AUSTIN CAMP MABRY, TX US",3/1/2021,9.62,0.14,0,0,,58,48,,360,360,,,19.9,36,,,,,,,,
USW00013958,"AUSTIN CAMP MABRY, TX US",3/2/2021,4.03,0,0,0,,67,45,,10,350,,,13,21.9,,,,,,,,
USW00013958,"AUSTIN CAMP MABRY, TX US",3/3/2021,3.58,0,0,,,73,38,,160,170,,,12.1,21,,,,,,,,
USW00013958,"AUSTIN CAMP MABRY, TX US",3/4/2021,5.82,0,0,,,77,45,,170,160,,,16.1,25.9,,,,,,,,
USW00013958,"AUSTIN CAMP MABRY, TX US",3/5/2021,7.38,0,0,,,80,57,,350,10,,,18.1,38.9,,,,,,,,
USW00013958,"AUSTIN CAMP MABRY, TX US",3/6/2021,6.49,0,0,0,,69,49,,20,20,,,16.1,25.9,,,,,,,,
USW00013958,"AUSTIN CAMP MABRY, TX US",3/7/2021,3.8,0,0,0,,71,41,,120,90,,,10.1,16.1,,,,,,,,
USW00013958,"AUSTIN CAMP MABRY, TX US",3/8/2021,4.25,0,0,0,,74,45,,150,160,,,15,23,,,,,,,,
USW00013958,"AUSTIN CAMP MABRY, TX US",3/9/2021,8.72,0,0,0,,77,57,,160,160,,,17,30,1,,,,,,,
USW00013958,"AUSTIN CAMP MABRY, TX US",3/10/2021,10.51,0,0,0,,83,64,,170,170,,,19.9,36,,,,,,,,
USW00013958,"AUSTIN CAMP MABRY, TX US",3/11/2021,9.17,0,0,0,,82,69,,150,190,,,18.1,31.1,,,,,,,,
USW00013958,"AUSTIN CAMP MABRY, TX US",3/12/2021,9.4,0,0,0,,81,69,,160,170,,,18.1,32,,,,,,,,
USW00013958,"AUSTIN CAMP MABRY, TX US",3/13/2021,11.63,0.13,0,0,,77,68,,150,130,,,21,38,1,,,,,,,
USW00013958,"AUSTIN CAMP MABRY, TX US",3/14/2021,5.14,0.01,0,0,,78,53,,170,150,,,18.1,36.9,1,,,,,,,
USW00013958,"AUSTIN CAMP MABRY, TX US",3/15/2021,4.47,0,0,0,,87,47,,150,170,,,13,23.9,,,,,,,,
USW00013958,"AUSTIN CAMP MABRY, TX US",3/16/2021,6.93,0,0,0,,83,67,,150,160,,,16.1,25.9,1,,,,,,1,
USW00013958,"AUSTIN CAMP MABRY, TX US",3/17/2021,10.51,0.01,0,0,,77,54,,290,280,,,21,38.9,1,,,,,,1,
USW00013958,"AUSTIN CAMP MABRY, TX US",3/18/2021,8.95,0,0,0,,73,47,,350,310,,,18.1,35.1,,,,,,,,
USW00013958,"AUSTIN CAMP MABRY, TX US",3/19/2021,6.49,0,0,0,,71,46,,10,10,,,14.1,25.1,,,,,,,,
USW00013958,"AUSTIN CAMP MABRY, TX US",3/20/2021,2.68,0,0,0,,73,43,,110,160,,,8.9,16.1,,,,,,,,
USW00013958,"AUSTIN CAMP MABRY, TX US",3/21/2021,6.93,0,0,0,,76,50,,160,130,,,15,30,,,,,,,,
